{
  "results": [
    {
      "command": "bash -c \"p=\\$(head -c 3 sequences/sequence1.txt); \\\n    output1=\\$(./fcm sequences/sequence1.txt -k 3 -a 0.01); \\\n    ./generator -k 3 -a 0.01 -p \\\"\\$p\\\" -s 500 > outputs/temp.txt; \\\n    output2=\\$(./fcm outputs/temp.txt -k 3 -a 0.01); \\\n    printf \\\"%s,%s\\n\\\" \\\"\\$output1\\\" \\\"\\$output2\\\" >> outputs/i_sequence1.txt_k_3_a_0.01.txt\"",
      "mean": 0.039563728439999994,
      "stddev": 0.0034094550859392475,
      "median": 0.038043407439999996,
      "user": 0.02390887333333333,
      "system": 0.015180886666666666,
      "min": 0.03717891644,
      "max": 0.04346886144,
      "times": [
        0.04346886144,
        0.03717891644,
        0.038043407439999996
      ],
      "exit_codes": [
        0,
        0,
        0
      ],
      "parameters": {
        "a": "0.01",
        "input_file": "sequence1.txt",
        "k": "3"
      }
    },
    {
      "command": "bash -c \"p=\\$(head -c 5 sequences/sequence1.txt); \\\n    output1=\\$(./fcm sequences/sequence1.txt -k 5 -a 0.01); \\\n    ./generator -k 5 -a 0.01 -p \\\"\\$p\\\" -s 500 > outputs/temp.txt; \\\n    output2=\\$(./fcm outputs/temp.txt -k 5 -a 0.01); \\\n    printf \\\"%s,%s\\n\\\" \\\"\\$output1\\\" \\\"\\$output2\\\" >> outputs/i_sequence1.txt_k_5_a_0.01.txt\"",
      "mean": 0.03237022677333334,
      "stddev": 0.008668321258217206,
      "median": 0.02885149944,
      "user": 0.019876873333333333,
      "system": 0.01281422,
      "min": 0.02601456044,
      "max": 0.04224462044,
      "times": [
        0.02885149944,
        0.04224462044,
        0.02601456044
      ],
      "exit_codes": [
        0,
        0,
        0
      ],
      "parameters": {
        "a": "0.01",
        "input_file": "sequence1.txt",
        "k": "5"
      }
    },
    {
      "command": "bash -c \"p=\\$(head -c 10 sequences/sequence1.txt); \\\n    output1=\\$(./fcm sequences/sequence1.txt -k 10 -a 0.01); \\\n    ./generator -k 10 -a 0.01 -p \\\"\\$p\\\" -s 500 > outputs/temp.txt; \\\n    output2=\\$(./fcm outputs/temp.txt -k 10 -a 0.01); \\\n    printf \\\"%s,%s\\n\\\" \\\"\\$output1\\\" \\\"\\$output2\\\" >> outputs/i_sequence1.txt_k_10_a_0.01.txt\"",
      "mean": 0.062390661773333335,
      "stddev": 0.014535306876097746,
      "median": 0.061500957440000004,
      "user": 0.04415787333333334,
      "system": 0.01860255333333333,
      "min": 0.04832064344,
      "max": 0.07735038444,
      "times": [
        0.04832064344,
        0.07735038444,
        0.061500957440000004
      ],
      "exit_codes": [
        0,
        0,
        0
      ],
      "parameters": {
        "a": "0.01",
        "input_file": "sequence1.txt",
        "k": "10"
      }
    },
    {
      "command": "bash -c \"p=\\$(head -c 15 sequences/sequence1.txt); \\\n    output1=\\$(./fcm sequences/sequence1.txt -k 15 -a 0.01); \\\n    ./generator -k 15 -a 0.01 -p \\\"\\$p\\\" -s 500 > outputs/temp.txt; \\\n    output2=\\$(./fcm outputs/temp.txt -k 15 -a 0.01); \\\n    printf \\\"%s,%s\\n\\\" \\\"\\$output1\\\" \\\"\\$output2\\\" >> outputs/i_sequence1.txt_k_15_a_0.01.txt\"",
      "mean": 0.061644108440000005,
      "stddev": 0.003626345016212195,
      "median": 0.061158457439999994,
      "user": 0.04364287333333333,
      "system": 0.018335219999999996,
      "min": 0.05828506144,
      "max": 0.06548880644,
      "times": [
        0.06548880644,
        0.061158457439999994,
        0.05828506144
      ],
      "exit_codes": [
        0,
        0,
        0
      ],
      "parameters": {
        "a": "0.01",
        "input_file": "sequence1.txt",
        "k": "15"
      }
    },
    {
      "command": "bash -c \"p=\\$(head -c 20 sequences/sequence1.txt); \\\n    output1=\\$(./fcm sequences/sequence1.txt -k 20 -a 0.01); \\\n    ./generator -k 20 -a 0.01 -p \\\"\\$p\\\" -s 500 > outputs/temp.txt; \\\n    output2=\\$(./fcm outputs/temp.txt -k 20 -a 0.01); \\\n    printf \\\"%s,%s\\n\\\" \\\"\\$output1\\\" \\\"\\$output2\\\" >> outputs/i_sequence1.txt_k_20_a_0.01.txt\"",
      "mean": 0.06654517410666666,
      "stddev": 0.006623058942618308,
      "median": 0.06939941044,
      "user": 0.05011054,
      "system": 0.016822886666666665,
      "min": 0.05897355344,
      "max": 0.07126255844,
      "times": [
        0.07126255844,
        0.06939941044,
        0.05897355344
      ],
      "exit_codes": [
        0,
        0,
        0
      ],
      "parameters": {
        "a": "0.01",
        "input_file": "sequence1.txt",
        "k": "20"
      }
    },
    {
      "command": "bash -c \"p=\\$(head -c 3 sequences/sequence1.txt); \\\n    output1=\\$(./fcm sequences/sequence1.txt -k 3 -a 0.05); \\\n    ./generator -k 3 -a 0.05 -p \\\"\\$p\\\" -s 500 > outputs/temp.txt; \\\n    output2=\\$(./fcm outputs/temp.txt -k 3 -a 0.05); \\\n    printf \\\"%s,%s\\n\\\" \\\"\\$output1\\\" \\\"\\$output2\\\" >> outputs/i_sequence1.txt_k_3_a_0.05.txt\"",
      "mean": 0.03443141977333333,
      "stddev": 0.00748431279735089,
      "median": 0.037267963439999996,
      "user": 0.021199206666666665,
      "system": 0.013585886666666665,
      "min": 0.025943462440000002,
      "max": 0.04008283344,
      "times": [
        0.037267963439999996,
        0.025943462440000002,
        0.04008283344
      ],
      "exit_codes": [
        0,
        0,
        0
      ],
      "parameters": {
        "a": "0.05",
        "input_file": "sequence1.txt",
        "k": "3"
      }
    },
    {
      "command": "bash -c \"p=\\$(head -c 5 sequences/sequence1.txt); \\\n    output1=\\$(./fcm sequences/sequence1.txt -k 5 -a 0.05); \\\n    ./generator -k 5 -a 0.05 -p \\\"\\$p\\\" -s 500 > outputs/temp.txt; \\\n    output2=\\$(./fcm outputs/temp.txt -k 5 -a 0.05); \\\n    printf \\\"%s,%s\\n\\\" \\\"\\$output1\\\" \\\"\\$output2\\\" >> outputs/i_sequence1.txt_k_5_a_0.05.txt\"",
      "mean": 0.026820059440000002,
      "stddev": 0.00077314029148467,
      "median": 0.02719340644,
      "user": 0.017296873333333334,
      "system": 0.00990722,
      "min": 0.02593110044,
      "max": 0.02733567144,
      "times": [
        0.02719340644,
        0.02593110044,
        0.02733567144
      ],
      "exit_codes": [
        0,
        0,
        0
      ],
      "parameters": {
        "a": "0.05",
        "input_file": "sequence1.txt",
        "k": "5"
      }
    },
    {
      "command": "bash -c \"p=\\$(head -c 10 sequences/sequence1.txt); \\\n    output1=\\$(./fcm sequences/sequence1.txt -k 10 -a 0.05); \\\n    ./generator -k 10 -a 0.05 -p \\\"\\$p\\\" -s 500 > outputs/temp.txt; \\\n    output2=\\$(./fcm outputs/temp.txt -k 10 -a 0.05); \\\n    printf \\\"%s,%s\\n\\\" \\\"\\$output1\\\" \\\"\\$output2\\\" >> outputs/i_sequence1.txt_k_10_a_0.05.txt\"",
      "mean": 0.05933928710666667,
      "stddev": 0.0037796756767195447,
      "median": 0.05908103844,
      "user": 0.040827539999999996,
      "system": 0.018919219999999997,
      "min": 0.05569535844,
      "max": 0.06324146444,
      "times": [
        0.05569535844,
        0.06324146444,
        0.05908103844
      ],
      "exit_codes": [
        0,
        0,
        0
      ],
      "parameters": {
        "a": "0.05",
        "input_file": "sequence1.txt",
        "k": "10"
      }
    },
    {
      "command": "bash -c \"p=\\$(head -c 15 sequences/sequence1.txt); \\\n    output1=\\$(./fcm sequences/sequence1.txt -k 15 -a 0.05); \\\n    ./generator -k 15 -a 0.05 -p \\\"\\$p\\\" -s 500 > outputs/temp.txt; \\\n    output2=\\$(./fcm outputs/temp.txt -k 15 -a 0.05); \\\n    printf \\\"%s,%s\\n\\\" \\\"\\$output1\\\" \\\"\\$output2\\\" >> outputs/i_sequence1.txt_k_15_a_0.05.txt\"",
      "mean": 0.06063651310666666,
      "stddev": 0.00320057003629374,
      "median": 0.062166682439999996,
      "user": 0.04391920666666666,
      "system": 0.017111219999999996,
      "min": 0.05695808244,
      "max": 0.06278477444,
      "times": [
        0.062166682439999996,
        0.06278477444,
        0.05695808244
      ],