{
  "results": [
    {
      "command": "./fcm sequences/sequence1.txt -k 3 -a 0.01 > outputs/i_sequence1.txt_k_3_a_0.01.txt",
      "mean": 0.01562603204526316,
      "stddev": 0.004181375498316104,
      "median": 0.015742695940000002,
      "user": 0.012255125263157893,
      "system": 0.003345494736842104,
      "min": 0.00929853894,
      "max": 0.02944738594,
      "times": [
        0.02944738594,
        0.01233574494,
        0.01236815194,
        0.021266056940000003,
        0.01949864294,
        0.017659989940000002,
        0.01928988594,
        0.01251775294,
        0.01950932794,
        0.01241005694,
        0.021190697940000003,
        0.021808657940000004,
        0.01773953894,
        0.01959055394,
        0.020988295940000002,
        0.01771914494,
        0.01358835594,
        0.02001107094,
        0.022787978940000002,
        0.013991133939999999,
        0.01360637594,
        0.01154311194,
        0.01139532694,
        0.01184678394,
        0.011366900939999999,
        0.02031830494,
        0.01599691794,
        0.01694781294,
        0.01168873194,
        0.018917768940000003,
        0.01407480394,
        0.014059019939999999,
        0.019367060940000003,
        0.017956327940000003,
        0.02213579594,
        0.01911255694,
        0.018797361940000003,
        0.01933395594,
        0.01768771594,
        0.02021465994,
        0.020063033940000002,
        0.01211860694,
        0.019462255940000003,
        0.01485221294,
        0.012629429939999999,
        0.01193268894,
        0.01570232594,
        0.021348959940000002,
        0.02223224794,
        0.02000694994,
        0.014247662940000001,
        0.012950561939999999,
        0.01080914494,
        0.01141579094,
        0.009339954939999999,
        0.011339104939999999,
        0.017860855940000003,
        0.01844375394,
        0.010256208939999999,
        0.01190880294,
        0.010918098939999999,
        0.01005611294,
        0.010244126939999999,
        0.01644900494,
        0.015167199939999999,
        0.01136990494,
        0.01087004794,
        0.019000043940000003,
        0.018615076940000003,
        0.01803853294,
        0.01019977694,
        0.01178434594,
        0.01123958094,
        0.018646504940000003,
        0.01839933594,
        0.01148982394,
        0.01067735494,
        0.018323556940000003,
        0.010648788939999999,
        0.00929853894,
        0.011065394939999999,
        0.01101713494,
        0.010576991939999999,
        0.01793516694,
        0.01139358094,
        0.01149911294,
        0.01047118194,
        0.01872437894,
        0.019132952940000003,
        0.01088925394,
        0.01846414794,
        0.01801639294,
        0.01862157194,
        0.015742695940000002,
        0.01848104994
      ],
      "exit_codes": [
        0,
        0,
        0,
        0,
        0,
        0,
        0,
        0,
        0,
        0,
        0,
        0,
        0,
        0,
        0,
        0,
        0,
        0,
        0,
        0,
        0,
        0,
        0,
        0,
        0,
        0,
        0,
        0,
        0,
        0,
        0,
        0,
        0,
        0,
        0,
        0,
        0,
        0,
        0,
        0,
        0,
        0,
        0,
        0,
        0,
        0,
        0,
        0,
        0,
        0,
        0,
        0,
        0,
        0,
        0,
        0,
        0,
        0,
        0,
        0,
        0,
        0,
        0,
        0,
        0,
        0,
        0,
        0,
        0,
        0,
        0,
        0,
        0,
        0,
        0,
        0,
        0,
        0,
        0,
        0,
        0,
        0,
        0,
        0,
        0,
        0,
        0,
        0,
        0,
        0,
        0,
        0,
        0,
        0,
        0
      ],
      "parameters": {
        "a": "0.01",
        "input_file": "sequence1.txt",
        "k": "3"
      }
    },
    {
      "command": "./fcm sequences/sequence1.txt -k 5 -a 0.01 > outputs/i_sequence1.txt_k_5_a_0.01.txt",
      "mean": 0.01763783785666666,
      "stddev": 0.00473908343916202,
      "median": 0.014832030940000001,
      "user": 0.014069330256410252,
      "system": 0.0034029461538461537,
      "min": 0.01263236494,
      "max": 0.04011012994,